,Top Angle,Side Angle
0,-37.75344497607655,-15.812789855072463
