,Top Angle,Side Angle
0,-37.03832535885167,-15.211340579710146
