,Top Angle,Side Angle
0,-36.2555023923445,-14.59963768115942
